-- AUTO-GENERATED by infra/postgres/generate-seed.mjs. Do not edit by hand.
-- Synthetic data only. All passwords are "password123".

INSERT INTO plans (plan_id, name, price, speed_mbps) VALUES
  ('mobile_basic', 'Mobile Basic', 8999, 50),
  ('mobile_premium', 'Mobile Premium', 14999, 150),
  ('fiber_300mb', 'Fiber 300', 19999, 300),
  ('fiber_600mb', 'Fiber 600', 25999.99, 600),
  ('fiber_1000mb', 'Fiber 1000', 32999, 1000)
ON CONFLICT (plan_id) DO NOTHING;

INSERT INTO customers (customer_id, username, password_hash, segment, current_plan_id) VALUES
  ('customer_001', 'user_001', 'ef92b778bafe771e89245b89ecbc08a44a4e166c06659911881f383d4473e94f', 'consumer', 'mobile_premium'),
  ('customer_002', 'user_002', 'ef92b778bafe771e89245b89ecbc08a44a4e166c06659911881f383d4473e94f', 'consumer', 'fiber_300mb'),
  ('customer_003', 'user_003', 'ef92b778bafe771e89245b89ecbc08a44a4e166c06659911881f383d4473e94f', 'consumer', 'fiber_600mb'),
  ('customer_004', 'user_004', 'ef92b778bafe771e89245b89ecbc08a44a4e166c06659911881f383d4473e94f', 'consumer', 'fiber_1000mb'),
  ('customer_005', 'user_005', 'ef92b778bafe771e89245b89ecbc08a44a4e166c06659911881f383d4473e94f', 'consumer', 'mobile_basic'),
  ('customer_006', 'user_006', 'ef92b778bafe771e89245b89ecbc08a44a4e166c06659911881f383d4473e94f', 'consumer', 'mobile_premium'),
  ('customer_007', 'user_007', 'ef92b778bafe771e89245b89ecbc08a44a4e166c06659911881f383d4473e94f', 'business', 'fiber_300mb'),
  ('customer_008', 'user_008', 'ef92b778bafe771e89245b89ecbc08a44a4e166c06659911881f383d4473e94f', 'consumer', 'fiber_600mb'),
  ('customer_009', 'user_009', 'ef92b778bafe771e89245b89ecbc08a44a4e166c06659911881f383d4473e94f', 'consumer', 'fiber_1000mb'),
  ('customer_010', 'user_010', 'ef92b778bafe771e89245b89ecbc08a44a4e166c06659911881f383d4473e94f', 'consumer', 'mobile_basic'),
  ('customer_011', 'user_011', 'ef92b778bafe771e89245b89ecbc08a44a4e166c06659911881f383d4473e94f', 'consumer', 'mobile_premium'),
  ('customer_012', 'user_012', 'ef92b778bafe771e89245b89ecbc08a44a4e166c06659911881f383d4473e94f', 'consumer', 'fiber_300mb'),
  ('customer_013', 'user_013', 'ef92b778bafe771e89245b89ecbc08a44a4e166c06659911881f383d4473e94f', 'consumer', 'fiber_600mb'),
  ('customer_014', 'user_014', 'ef92b778bafe771e89245b89ecbc08a44a4e166c06659911881f383d4473e94f', 'business', 'fiber_1000mb'),
  ('customer_015', 'user_015', 'ef92b778bafe771e89245b89ecbc08a44a4e166c06659911881f383d4473e94f', 'consumer', 'mobile_basic'),
  ('customer_016', 'user_016', 'ef92b778bafe771e89245b89ecbc08a44a4e166c06659911881f383d4473e94f', 'consumer', 'mobile_premium'),
  ('customer_017', 'user_017', 'ef92b778bafe771e89245b89ecbc08a44a4e166c06659911881f383d4473e94f', 'consumer', 'fiber_300mb'),
  ('customer_018', 'user_018', 'ef92b778bafe771e89245b89ecbc08a44a4e166c06659911881f383d4473e94f', 'consumer', 'fiber_600mb'),
  ('customer_019', 'user_019', 'ef92b778bafe771e89245b89ecbc08a44a4e166c06659911881f383d4473e94f', 'consumer', 'fiber_1000mb'),
  ('customer_020', 'user_020', 'ef92b778bafe771e89245b89ecbc08a44a4e166c06659911881f383d4473e94f', 'consumer', 'mobile_basic'),
  ('customer_021', 'user_021', 'ef92b778bafe771e89245b89ecbc08a44a4e166c06659911881f383d4473e94f', 'business', 'mobile_premium'),
  ('customer_022', 'user_022', 'ef92b778bafe771e89245b89ecbc08a44a4e166c06659911881f383d4473e94f', 'consumer', 'fiber_300mb'),
  ('customer_023', 'user_023', 'ef92b778bafe771e89245b89ecbc08a44a4e166c06659911881f383d4473e94f', 'consumer', 'fiber_600mb'),
  ('customer_024', 'user_024', 'ef92b778bafe771e89245b89ecbc08a44a4e166c06659911881f383d4473e94f', 'consumer', 'fiber_1000mb'),
  ('customer_025', 'user_025', 'ef92b778bafe771e89245b89ecbc08a44a4e166c06659911881f383d4473e94f', 'consumer', 'mobile_basic'),
  ('customer_026', 'user_026', 'ef92b778bafe771e89245b89ecbc08a44a4e166c06659911881f383d4473e94f', 'consumer', 'mobile_premium'),
  ('customer_027', 'user_027', 'ef92b778bafe771e89245b89ecbc08a44a4e166c06659911881f383d4473e94f', 'consumer', 'fiber_300mb'),
  ('customer_028', 'user_028', 'ef92b778bafe771e89245b89ecbc08a44a4e166c06659911881f383d4473e94f', 'business', 'fiber_600mb'),
  ('customer_029', 'user_029', 'ef92b778bafe771e89245b89ecbc08a44a4e166c06659911881f383d4473e94f', 'consumer', 'fiber_1000mb'),
  ('customer_030', 'user_030', 'ef92b778bafe771e89245b89ecbc08a44a4e166c06659911881f383d4473e94f', 'consumer', 'mobile_basic'),
  ('customer_031', 'user_031', 'ef92b778bafe771e89245b89ecbc08a44a4e166c06659911881f383d4473e94f', 'consumer', 'mobile_premium'),
  ('customer_032', 'user_032', 'ef92b778bafe771e89245b89ecbc08a44a4e166c06659911881f383d4473e94f', 'consumer', 'fiber_300mb'),
  ('customer_033', 'user_033', 'ef92b778bafe771e89245b89ecbc08a44a4e166c06659911881f383d4473e94f', 'consumer', 'fiber_600mb'),
  ('customer_034', 'user_034', 'ef92b778bafe771e89245b89ecbc08a44a4e166c06659911881f383d4473e94f', 'consumer', 'fiber_1000mb'),
  ('customer_035', 'user_035', 'ef92b778bafe771e89245b89ecbc08a44a4e166c06659911881f383d4473e94f', 'business', 'mobile_basic'),
  ('customer_036', 'user_036', 'ef92b778bafe771e89245b89ecbc08a44a4e166c06659911881f383d4473e94f', 'consumer', 'mobile_premium'),
  ('customer_037', 'user_037', 'ef92b778bafe771e89245b89ecbc08a44a4e166c06659911881f383d4473e94f', 'consumer', 'fiber_300mb'),
  ('customer_038', 'user_038', 'ef92b778bafe771e89245b89ecbc08a44a4e166c06659911881f383d4473e94f', 'consumer', 'fiber_600mb'),
  ('customer_039', 'user_039', 'ef92b778bafe771e89245b89ecbc08a44a4e166c06659911881f383d4473e94f', 'consumer', 'fiber_1000mb'),
  ('customer_040', 'user_040', 'ef92b778bafe771e89245b89ecbc08a44a4e166c06659911881f383d4473e94f', 'consumer', 'mobile_basic'),
  ('customer_041', 'user_041', 'ef92b778bafe771e89245b89ecbc08a44a4e166c06659911881f383d4473e94f', 'consumer', 'mobile_premium'),
  ('customer_042', 'user_042', 'ef92b778bafe771e89245b89ecbc08a44a4e166c06659911881f383d4473e94f', 'business', 'fiber_300mb'),
  ('customer_043', 'user_043', 'ef92b778bafe771e89245b89ecbc08a44a4e166c06659911881f383d4473e94f', 'consumer', 'fiber_600mb'),
  ('customer_044', 'user_044', 'ef92b778bafe771e89245b89ecbc08a44a4e166c06659911881f383d4473e94f', 'consumer', 'fiber_1000mb'),
  ('customer_045', 'user_045', 'ef92b778bafe771e89245b89ecbc08a44a4e166c06659911881f383d4473e94f', 'consumer', 'mobile_basic'),
  ('customer_046', 'user_046', 'ef92b778bafe771e89245b89ecbc08a44a4e166c06659911881f383d4473e94f', 'consumer', 'mobile_premium'),
  ('customer_047', 'user_047', 'ef92b778bafe771e89245b89ecbc08a44a4e166c06659911881f383d4473e94f', 'consumer', 'fiber_300mb'),
  ('customer_048', 'user_048', 'ef92b778bafe771e89245b89ecbc08a44a4e166c06659911881f383d4473e94f', 'consumer', 'fiber_600mb'),
  ('customer_049', 'user_049', 'ef92b778bafe771e89245b89ecbc08a44a4e166c06659911881f383d4473e94f', 'business', 'fiber_1000mb'),
  ('customer_050', 'user_050', 'ef92b778bafe771e89245b89ecbc08a44a4e166c06659911881f383d4473e94f', 'consumer', 'mobile_basic')
ON CONFLICT (customer_id) DO NOTHING;

INSERT INTO invoices (invoice_id, customer_id, amount, status, due_date) VALUES
  ('inv_001_1', 'customer_001', 14999, 'pending', '2026-07-03'),
  ('inv_001_2', 'customer_001', 14999, 'overdue', '2026-07-04'),
  ('inv_002_1', 'customer_002', 19999, 'pending', '2026-07-04'),
  ('inv_002_2', 'customer_002', 19999, 'overdue', '2026-07-05'),
  ('inv_002_3', 'customer_002', 19999, 'paid', '2026-07-06'),
  ('inv_003_1', 'customer_003', 25999.99, 'pending', '2026-07-05'),
  ('inv_004_1', 'customer_004', 32999, 'pending', '2026-07-06'),
  ('inv_004_2', 'customer_004', 32999, 'overdue', '2026-07-07'),
  ('inv_005_1', 'customer_005', 8999, 'pending', '2026-07-07'),
  ('inv_005_2', 'customer_005', 8999, 'overdue', '2026-07-08'),
  ('inv_005_3', 'customer_005', 8999, 'paid', '2026-07-09'),
  ('inv_006_1', 'customer_006', 14999, 'pending', '2026-07-08'),
  ('inv_007_1', 'customer_007', 19999, 'pending', '2026-07-09'),
  ('inv_007_2', 'customer_007', 19999, 'overdue', '2026-07-10'),
  ('inv_008_1', 'customer_008', 25999.99, 'pending', '2026-07-10'),
  ('inv_008_2', 'customer_008', 25999.99, 'overdue', '2026-07-11'),
  ('inv_008_3', 'customer_008', 25999.99, 'paid', '2026-07-12'),
  ('inv_009_1', 'customer_009', 32999, 'pending', '2026-07-11'),
  ('inv_010_1', 'customer_010', 8999, 'pending', '2026-07-12'),
  ('inv_010_2', 'customer_010', 8999, 'overdue', '2026-07-13'),
  ('inv_011_1', 'customer_011', 14999, 'pending', '2026-07-13'),
  ('inv_011_2', 'customer_011', 14999, 'overdue', '2026-07-14'),
  ('inv_011_3', 'customer_011', 14999, 'paid', '2026-07-15'),
  ('inv_012_1', 'customer_012', 19999, 'pending', '2026-07-14'),
  ('inv_013_1', 'customer_013', 25999.99, 'pending', '2026-07-15'),
  ('inv_013_2', 'customer_013', 25999.99, 'overdue', '2026-07-16'),
  ('inv_014_1', 'customer_014', 32999, 'pending', '2026-07-16'),
  ('inv_014_2', 'customer_014', 32999, 'overdue', '2026-07-17'),
  ('inv_014_3', 'customer_014', 32999, 'paid', '2026-07-18'),
  ('inv_015_1', 'customer_015', 8999, 'pending', '2026-07-17'),
  ('inv_016_1', 'customer_016', 14999, 'pending', '2026-07-18'),
  ('inv_016_2', 'customer_016', 14999, 'overdue', '2026-07-19'),
  ('inv_017_1', 'customer_017', 19999, 'pending', '2026-07-19'),
  ('inv_017_2', 'customer_017', 19999, 'overdue', '2026-07-20'),
  ('inv_017_3', 'customer_017', 19999, 'paid', '2026-07-21'),
  ('inv_018_1', 'customer_018', 25999.99, 'pending', '2026-07-20'),
  ('inv_019_1', 'customer_019', 32999, 'pending', '2026-07-21'),
  ('inv_019_2', 'customer_019', 32999, 'overdue', '2026-07-22'),
  ('inv_020_1', 'customer_020', 8999, 'pending', '2026-07-22'),
  ('inv_020_2', 'customer_020', 8999, 'overdue', '2026-07-23'),
  ('inv_020_3', 'customer_020', 8999, 'paid', '2026-07-24'),
  ('inv_021_1', 'customer_021', 14999, 'pending', '2026-07-23'),
  ('inv_022_1', 'customer_022', 19999, 'pending', '2026-07-24'),
  ('inv_022_2', 'customer_022', 19999, 'overdue', '2026-07-25'),
  ('inv_023_1', 'customer_023', 25999.99, 'pending', '2026-07-25'),
  ('inv_023_2', 'customer_023', 25999.99, 'overdue', '2026-07-26'),
  ('inv_023_3', 'customer_023', 25999.99, 'paid', '2026-07-27'),
  ('inv_024_1', 'customer_024', 32999, 'pending', '2026-07-26'),
  ('inv_025_1', 'customer_025', 8999, 'pending', '2026-07-27'),
  ('inv_025_2', 'customer_025', 8999, 'overdue', '2026-07-01'),
  ('inv_026_1', 'customer_026', 14999, 'pending', '2026-07-01'),
  ('inv_026_2', 'customer_026', 14999, 'overdue', '2026-07-02'),
  ('inv_026_3', 'customer_026', 14999, 'paid', '2026-07-03'),
  ('inv_027_1', 'customer_027', 19999, 'pending', '2026-07-02'),
  ('inv_028_1', 'customer_028', 25999.99, 'pending', '2026-07-03'),
  ('inv_028_2', 'customer_028', 25999.99, 'overdue', '2026-07-04'),
  ('inv_029_1', 'customer_029', 32999, 'pending', '2026-07-04'),
  ('inv_029_2', 'customer_029', 32999, 'overdue', '2026-07-05'),
  ('inv_029_3', 'customer_029', 32999, 'paid', '2026-07-06'),
  ('inv_030_1', 'customer_030', 8999, 'pending', '2026-07-05'),
  ('inv_031_1', 'customer_031', 14999, 'pending', '2026-07-06'),
  ('inv_031_2', 'customer_031', 14999, 'overdue', '2026-07-07'),
  ('inv_032_1', 'customer_032', 19999, 'pending', '2026-07-07'),
  ('inv_032_2', 'customer_032', 19999, 'overdue', '2026-07-08'),
  ('inv_032_3', 'customer_032', 19999, 'paid', '2026-07-09'),
  ('inv_033_1', 'customer_033', 25999.99, 'pending', '2026-07-08'),
  ('inv_034_1', 'customer_034', 32999, 'pending', '2026-07-09'),
  ('inv_034_2', 'customer_034', 32999, 'overdue', '2026-07-10'),
  ('inv_035_1', 'customer_035', 8999, 'pending', '2026-07-10'),
  ('inv_035_2', 'customer_035', 8999, 'overdue', '2026-07-11'),
  ('inv_035_3', 'customer_035', 8999, 'paid', '2026-07-12'),
  ('inv_036_1', 'customer_036', 14999, 'pending', '2026-07-11'),
  ('inv_037_1', 'customer_037', 19999, 'pending', '2026-07-12'),
  ('inv_037_2', 'customer_037', 19999, 'overdue', '2026-07-13'),
  ('inv_038_1', 'customer_038', 25999.99, 'pending', '2026-07-13'),
  ('inv_038_2', 'customer_038', 25999.99, 'overdue', '2026-07-14'),
  ('inv_038_3', 'customer_038', 25999.99, 'paid', '2026-07-15'),
  ('inv_039_1', 'customer_039', 32999, 'pending', '2026-07-14'),
  ('inv_040_1', 'customer_040', 8999, 'pending', '2026-07-15'),
  ('inv_040_2', 'customer_040', 8999, 'overdue', '2026-07-16'),
  ('inv_041_1', 'customer_041', 14999, 'pending', '2026-07-16'),
  ('inv_041_2', 'customer_041', 14999, 'overdue', '2026-07-17'),
  ('inv_041_3', 'customer_041', 14999, 'paid', '2026-07-18'),
  ('inv_042_1', 'customer_042', 19999, 'pending', '2026-07-17'),
  ('inv_043_1', 'customer_043', 25999.99, 'pending', '2026-07-18'),
  ('inv_043_2', 'customer_043', 25999.99, 'overdue', '2026-07-19'),
  ('inv_044_1', 'customer_044', 32999, 'pending', '2026-07-19'),
  ('inv_044_2', 'customer_044', 32999, 'overdue', '2026-07-20'),
  ('inv_044_3', 'customer_044', 32999, 'paid', '2026-07-21'),
  ('inv_045_1', 'customer_045', 8999, 'pending', '2026-07-20'),
  ('inv_046_1', 'customer_046', 14999, 'pending', '2026-07-21'),
  ('inv_046_2', 'customer_046', 14999, 'overdue', '2026-07-22'),
  ('inv_047_1', 'customer_047', 19999, 'pending', '2026-07-22'),
  ('inv_047_2', 'customer_047', 19999, 'overdue', '2026-07-23'),
  ('inv_047_3', 'customer_047', 19999, 'paid', '2026-07-24'),
  ('inv_048_1', 'customer_048', 25999.99, 'pending', '2026-07-23'),
  ('inv_049_1', 'customer_049', 32999, 'pending', '2026-07-24'),
  ('inv_049_2', 'customer_049', 32999, 'overdue', '2026-07-25'),
  ('inv_050_1', 'customer_050', 8999, 'pending', '2026-07-25'),
  ('inv_050_2', 'customer_050', 8999, 'overdue', '2026-07-26'),
  ('inv_050_3', 'customer_050', 8999, 'paid', '2026-07-27')
ON CONFLICT (invoice_id) DO NOTHING;
